<?xml version="1.0" encoding="UTF-8"?>
<beans xmlns="http://www.springframework.org/schema/beans"
	xmlns:xsi="http://www.w3.org/2001/XMLSchema-instance"
	xmlns:mybatis-spring="http://mybatis.org/schema/mybatis-spring"
	xmlns:tx="http://www.springframework.org/schema/tx"
	xmlns:jdbc="http://www.springframework.org/schema/jdbc"
	xmlns:context="http://www.springframework.org/schema/context"
	xsi:schemaLocation="http://www.springframework.org/schema/jdbc http://www.springframework.org/schema/jdbc/spring-jdbc-4.3.xsd
		http://mybatis.org/schema/mybatis-spring http://mybatis.org/schema/mybatis-spring-1.2.xsd
		http://www.springframework.org/schema/beans https://www.springframework.org/schema/beans/spring-beans.xsd
		http://www.springframework.org/schema/context http://www.springframework.org/schema/context/spring-context-4.3.xsd
		http://www.springframework.org/schema/tx http://www.springframework.org/schema/tx/spring-tx-4.3.xsd">
	
	<!-- Root Context: defines shared resources visible to all other web components -->
	<!-- DataSource 설정 -->
	<bean id="dataSource" class="org.springframework.jdbc.datasource.DriverManagerDataSource">
		<!-- <property name="driverClassName" value="oracle.jdbc.driver.OracleDriver" />
		<property name="url" value="jdbc:oracle:thin:@localhost:1521:orcl" /> -->
		<property name="driverClassName" value="net.sf.log4jdbc.sql.jdbcapi.DriverSpy"></property>
  	 	<property name="url" value="jdbc:log4jdbc:oracle:thin:@localhost:1521:orcl"></property>
		<property name="username" value="daily" />
		<property name="password" value="daily" />
	</bean>	
	
	<!-- SqlSessionFactory 객체 설정 -->
	 <bean id="SqlSessionFactory" class="org.mybatis.spring.SqlSessionFactoryBean">
		<property name="dataSource" ref="dataSource" />       
		<property name="configLocation" value="classpath:/mybatis-config.xml" />
		<property name="mapperLocations" value="classpath:/mappers/**/*Mapper.xml" />
	</bean>

	<!-- SqlSession Template 설정 -->
	<bean id="sqlSession" class="org.mybatis.spring.SqlSessionTemplate" ><!-- destroy-method="clearCache" -->
		<constructor-arg name="sqlSessionFactory" ref="SqlSessionFactory" />
	</bean>

	<context:component-scan base-package="com.daily.*"></context:component-scan>
	
	
	<!-- 업로드 패스 설정 --> 
<bean class="java.lang.String" id="uploadPath">
 <!-- <constructor-arg value="C:\\upload\\" /> -->
 <constructor-arg value="C:\springWorkspace\.metadata\.plugins\org.eclipse.wst.server.core\tmp0\wtpwebapps\Daily\resources\" />
</bean>   	

<bean class="org.springframework.web.multipart.commons.CommonsMultipartResolver" id="multipartResolver">
 <property name="maxUploadSize" value="10485760"/>
</bean>
	
	
</beans>
