<?xml version="1.0" encoding="UTF-8"?>
<!DOCTYPE mapper PUBLIC "-//mybatis.org//DTD Mapper 3.0//EN" 
"http://mybatis.org/dtd/mybatis-3-mapper.dtd">

<mapper namespace="memberMapper">

	<insert id="insert">
		INSERT INTO member (userid, userpw, username, email, tel, birthDate, useraddress, postcode,regDate)
		VALUES (#{userid}, #{userpw}, #{username}, #{email}, #{tel}, #{birthDate}, #{useraddress}, #{postcode} ,SYSDATE)
	</insert>

	<select id="read" resultType="com.daily.vo.MemberVO">
		SELECT * FROM member WHERE userid = #{userid}
	</select>

	<update id="update">
		UPDATE member SET userpw = #{userpw}, username = #{username}, email = #{email}, 
		tel = #{tel}, birthDate = #{birthDate}, useraddress = #{useraddress}, postcode = #{postcode}
		WHERE userid = #{userid}
	</update>

	<delete id="delete">
		DELETE FROM member WHERE userid = #{userid} AND userpw = #{userpw}
	</delete>

	<select id="login" resultType="com.daily.vo.MemberVO">
		SELECT * FROM member WHERE userid = #{userid} AND userpw = #{userpw}
	</select>

	
	
	

</mapper>